Admin APIs	POST		E2E SCENARIOS > 00 - Identity Bootstrap & Approvals	Step 01 - Step 1 - Login SUPER_ADMIN
Admin APIs	POST		E2E SCENARIOS > 00 - Identity Bootstrap & Approvals	Step 02 - Step 2 - Create ADMIN
Admin APIs	POST		E2E SCENARIOS > 00 - Identity Bootstrap & Approvals	Step 03 - Step 3 - Login ADMIN
Admin APIs	POST		E2E SCENARIOS > 00 - Identity Bootstrap & Approvals	Step 04 - Step 4 - Create CATALOG_MANAGER
Admin APIs	POST		E2E SCENARIOS > 00 - Identity Bootstrap & Approvals	Step 05 - Step 5 - Register MANUFACTURER
Admin APIs	POST		E2E SCENARIOS > 00 - Identity Bootstrap & Approvals	Step 06 - Step 6 - Register RETAILER
Admin APIs	POST		E2E SCENARIOS > 00 - Identity Bootstrap & Approvals	Step 07 - Step 7 - Login CATALOG_MANAGER
Admin APIs	GET		E2E SCENARIOS > 00 - Identity Bootstrap & Approvals	Step 08 - Step 8 - Get Pending Users
Admin APIs	PATCH		E2E SCENARIOS > 00 - Identity Bootstrap & Approvals	Step 09 - Step 9 - Approve MANUFACTURER
Admin APIs	PATCH		E2E SCENARIOS > 00 - Identity Bootstrap & Approvals	Step 10 - Step 9 - Approve RETAILER
Admin APIs	POST		E2E SCENARIOS > 00 - Identity Bootstrap & Approvals	Step 11 - Login MANUFACTURER
Admin APIs	POST		E2E SCENARIOS > 00 - Identity Bootstrap & Approvals	Step 12 - Login RETAILER
Product APIs	POST		E2E SCENARIOS > 01 - Catalog & Product Setup	Step 01 - Bulk Create Brands
Product APIs	POST		E2E SCENARIOS > 01 - Catalog & Product Setup	Step 02 - Bulk Create Categories
Product APIs	GET		E2E SCENARIOS > 01 - Catalog & Product Setup	Step 03 - List Categories
Product APIs	GET		E2E SCENARIOS > 01 - Catalog & Product Setup	Step 04 - Get Category Tree
Product APIs	POST		E2E SCENARIOS > 01 - Catalog & Product Setup	Step 05 - Bulk Create Products
Product APIs	POST		E2E SCENARIOS > 01 - Catalog & Product Setup	Step 06 - Create Product
Product APIs	PATCH	{{baseUrl}}/variants/{{variantId}}	E2E SCENARIOS > 01 - Catalog & Product Setup	Step 07 - Update Variant
Product APIs	POST		E2E SCENARIOS > 01 - Catalog & Product Setup	Step 08 - Create Address
Order APIs	POST		E2E SCENARIOS > 02 - Happy Path (Order -> Payment -> Shipment -> Delivery)	Step 01 - Place Order
Order APIs	POST		E2E SCENARIOS > 02 - Happy Path (Order -> Payment -> Shipment -> Delivery)	Step 02 - Create Razorpay Order
Order APIs	POST		E2E SCENARIOS > 02 - Happy Path (Order -> Payment -> Shipment -> Delivery)	Step 03 - Verify Razorpay Payment
Order APIs	POST		E2E SCENARIOS > 02 - Happy Path (Order -> Payment -> Shipment -> Delivery)	Step 04 - Accept Order (Manufacturer)
Order APIs	POST	{{baseUrl}}/shipments	E2E SCENARIOS > 02 - Happy Path (Order -> Payment -> Shipment -> Delivery)	Step 05 - Create Shipment (Manufacturer)
Order APIs	PATCH	{{baseUrl}}/shipments/{{shipmentId}}/status	E2E SCENARIOS > 02 - Happy Path (Order -> Payment -> Shipment -> Delivery)	Step 06 - Update Shipment Status - IN_TRANSIT
Order APIs	PATCH	{{baseUrl}}/shipments/{{shipmentId}}/status	E2E SCENARIOS > 02 - Happy Path (Order -> Payment -> Shipment -> Delivery)	Step 07 - Update Shipment Status - OUT_FOR_DELIVERY
Order APIs	PATCH	{{baseUrl}}/shipments/{{shipmentId}}/status	E2E SCENARIOS > 02 - Happy Path (Order -> Payment -> Shipment -> Delivery)	Step 08 - Update Shipment Status - DELIVERED
Order APIs	GET	{{baseUrl}}/shipments/{{orderId}}	E2E SCENARIOS > 02 - Happy Path (Order -> Payment -> Shipment -> Delivery)	Step 09 - Get Shipment by Order (Retailer)
Order APIs	GET		E2E SCENARIOS > 02 - Happy Path (Order -> Payment -> Shipment -> Delivery)	Step 10 - Get Order Events
Order APIs	GET		E2E SCENARIOS > 02 - Happy Path (Order -> Payment -> Shipment -> Delivery)	Step 11 - Get Payment For Order
Order APIs	GET		E2E SCENARIOS > 02 - Happy Path (Order -> Payment -> Shipment -> Delivery)	Step 12 - Get Refund For Order
Return APIs	POST	{{baseUrl}}/returns	E2E SCENARIOS > 03 - Return Flow (Post-Delivery)	Step 01 - Request Return (Retailer)
Return APIs	PATCH	{{baseUrl}}/returns/{{returnId}}/approve	E2E SCENARIOS > 03 - Return Flow (Post-Delivery)	Step 02 - Approve Return (Manufacturer)
Return APIs	PATCH	{{baseUrl}}/returns/{{returnId}}/receive	E2E SCENARIOS > 03 - Return Flow (Post-Delivery)	Step 03 - Receive Return (Manufacturer)
Return APIs	PATCH	{{baseUrl}}/returns/{{returnId}}/inspect	E2E SCENARIOS > 03 - Return Flow (Post-Delivery)	Step 04 - Inspect Return (Manufacturer)
Return APIs	PATCH	{{baseUrl}}/returns/{{returnId}}/complete	E2E SCENARIOS > 03 - Return Flow (Post-Delivery)	Step 05 - Complete Return (Manufacturer)
Return APIs	GET	{{baseUrl}}/returns/{{returnId}}	E2E SCENARIOS > 03 - Return Flow (Post-Delivery)	Step 06 - Get Return By Id (Retailer)
Return APIs	GET		E2E SCENARIOS > 03 - Return Flow (Post-Delivery)	Step 07 - Get Refund For Order
Refund APIs	POST		E2E SCENARIOS > 04 - Cancellation & Refund Branches	Step 01 - Place Order
Refund APIs	POST		E2E SCENARIOS > 04 - Cancellation & Refund Branches	Step 02 - Create Razorpay Order
Refund APIs	POST		E2E SCENARIOS > 04 - Cancellation & Refund Branches	Step 03 - Verify Razorpay Payment
Refund APIs	POST		E2E SCENARIOS > 04 - Cancellation & Refund Branches	Step 04 - Cancel Order
Refund APIs	POST		E2E SCENARIOS > 04 - Cancellation & Refund Branches	Step 05 - Approve Refund
Refund APIs	GET		E2E SCENARIOS > 04 - Cancellation & Refund Branches	Step 06 - Get Refund For Order
Refund APIs	POST		E2E SCENARIOS > 04 - Cancellation & Refund Branches	Step 07 - Place Order
Refund APIs	POST		E2E SCENARIOS > 04 - Cancellation & Refund Branches	Step 08 - Create Razorpay Order
Refund APIs	POST		E2E SCENARIOS > 04 - Cancellation & Refund Branches	Step 09 - Verify Razorpay Payment
Refund APIs	POST		E2E SCENARIOS > 04 - Cancellation & Refund Branches	Step 10 - Cancel Order
Refund APIs	POST		E2E SCENARIOS > 04 - Cancellation & Refund Branches	Step 11 - Reject Refund
Refund APIs	GET		E2E SCENARIOS > 04 - Cancellation & Refund Branches	Step 12 - Get Refund For Order
Refund APIs	POST		E2E SCENARIOS > 04 - Cancellation & Refund Branches	Step 13 - Place Order
Refund APIs	POST		E2E SCENARIOS > 04 - Cancellation & Refund Branches	Step 14 - Create Razorpay Order
Refund APIs	POST		E2E SCENARIOS > 04 - Cancellation & Refund Branches	Step 15 - Verify Razorpay Payment
Refund APIs	POST		E2E SCENARIOS > 04 - Cancellation & Refund Branches	Step 16 - Reject Order (Manufacturer)
Refund APIs	GET		E2E SCENARIOS > 04 - Cancellation & Refund Branches	Step 17 - Get Refund For Order
Admin APIs	POST	{{baseUrl}}/cart/reserve	E2E SCENARIOS > 05 - Inventory Reservation & Batch Operations	Step 01 - Reserve Cart Item
Admin APIs	GET	{{baseUrl}}/cart/reservations	E2E SCENARIOS > 05 - Inventory Reservation & Batch Operations	Step 02 - Get Active Reservations
Admin APIs	DELETE	{{baseUrl}}/cart/reserve/{{reservationId}}	E2E SCENARIOS > 05 - Inventory Reservation & Batch Operations	Step 03 - Cancel Reservation
Admin APIs	POST	{{baseUrl}}/inventory/batches	E2E SCENARIOS > 05 - Inventory Reservation & Batch Operations	Step 04 - Create Inventory Batch
Admin APIs	GET	{{baseUrl}}/inventory/batches?productId={{productId}}	E2E SCENARIOS > 05 - Inventory Reservation & Batch Operations	Step 05 - List Inventory Batches
Admin APIs	GET	{{baseUrl}}/inventory/batches/{{batchId}}	E2E SCENARIOS > 05 - Inventory Reservation & Batch Operations	Step 06 - Get Inventory Batch By Id
Admin APIs	PATCH	{{baseUrl}}/inventory/batches/{{batchId}}	E2E SCENARIOS > 05 - Inventory Reservation & Batch Operations	Step 07 - Update Inventory Batch
Admin APIs	GET	{{baseUrl}}/inventory/low-stock?page=0&size=20	E2E SCENARIOS > 05 - Inventory Reservation & Batch Operations	Step 08 - Get Low Stock (Catalog Manager)
Auth APIs	POST		AUTH	Step 1 - Login SUPER_ADMIN
Auth APIs	POST		AUTH	Step 3 - Login ADMIN
Auth APIs	POST		AUTH	Step 5 - Register MANUFACTURER
Auth APIs	POST		AUTH	Step 6 - Register RETAILER
Auth APIs	POST		AUTH	Step 7 - Login CATALOG_MANAGER
Auth APIs	POST		AUTH	Login MANUFACTURER
Auth APIs	POST		AUTH	Login RETAILER
Admin APIs	POST		ADMIN USER MANAGEMENT	Step 2 - Create ADMIN
Admin APIs	POST		ADMIN USER MANAGEMENT	Step 4 - Create CATALOG_MANAGER
Admin APIs	GET		USER APPROVAL	Step 8 - Get Pending Users
Admin APIs	PATCH		USER APPROVAL	Step 9 - Approve MANUFACTURER
Admin APIs	PATCH		USER APPROVAL	Step 9 - Approve RETAILER
Admin APIs	PATCH		USER APPROVAL	Reject User
Admin APIs	PATCH		USER APPROVAL	Deactivate User
Admin APIs	PATCH		USER APPROVAL	Activate User
Category APIs	POST		CATEGORY MANAGEMENT	Bulk Create Categories
Category APIs	GET		CATEGORY MANAGEMENT	List Categories
Category APIs	GET		CATEGORY MANAGEMENT	Get Category Tree
Category APIs	GET		CATEGORY MANAGEMENT	Get Category By Id
Category APIs	PUT		CATEGORY MANAGEMENT	Update Category
Category APIs	PATCH		CATEGORY MANAGEMENT	Deactivate Category
Brand APIs	POST		BRAND MANAGEMENT	Bulk Create Brands
Brand APIs	GET		BRAND MANAGEMENT	List Brands
Brand APIs	GET		BRAND MANAGEMENT	Get Brand By Id
Brand APIs	PUT		BRAND MANAGEMENT	Update Brand
Brand APIs	PATCH		BRAND MANAGEMENT	Deactivate Brand
Product APIs	POST		PRODUCT MANAGEMENT	Create Product
Product APIs	POST		PRODUCT MANAGEMENT	Create Product (Legacy Brand Fallback)
Product APIs	POST		PRODUCT MANAGEMENT	Bulk Create Products
Product APIs	GET		PRODUCT MANAGEMENT	Get Products
Product APIs	GET		PRODUCT MANAGEMENT	Get Products (Retailer)
Product APIs	GET		PRODUCT MANAGEMENT	Get Products (Manufacturer)
Product APIs	GET		PRODUCT MANAGEMENT	Get Product Facets
Product APIs	GET		PRODUCT MANAGEMENT	Get Product Facets (Retailer)
Product APIs	GET		PRODUCT MANAGEMENT	Get Product Facets (Manufacturer)
Product APIs	GET		PRODUCT MANAGEMENT	Get Product By Id
Product APIs	GET		PRODUCT MANAGEMENT	Get Product By Id (Retailer)
Product APIs	GET		PRODUCT MANAGEMENT	Get Product By Id (Manufacturer)
Product APIs	PUT		PRODUCT MANAGEMENT	Update Product
Product APIs	PATCH		PRODUCT MANAGEMENT	Deactivate Product
Address APIs	POST		ADDRESS MANAGEMENT	Create Address
Address APIs	GET		ADDRESS MANAGEMENT	Get Addresses
Address APIs	PATCH		ADDRESS MANAGEMENT	Patch Address
Address APIs	PUT		ADDRESS MANAGEMENT	Set Default Address
Address APIs	DELETE		ADDRESS MANAGEMENT	Delete Address
Order APIs	POST		ORDER MANAGEMENT	Place Order
Order APIs	GET		ORDER MANAGEMENT	Get Order Summary
Order APIs	GET		ORDER MANAGEMENT	Get Order Summary (Retailer)
Order APIs	GET		ORDER MANAGEMENT	Get Order Summary (Manufacturer)
Order APIs	GET		ORDER MANAGEMENT	Get Orders
Order APIs	GET		ORDER MANAGEMENT	Get Orders (Retailer)
Order APIs	GET		ORDER MANAGEMENT	Get Orders (Manufacturer)
Order APIs	GET		ORDER MANAGEMENT	Get Order By Id
Order APIs	GET		ORDER MANAGEMENT	Get Order By Id (Retailer)
Order APIs	GET		ORDER MANAGEMENT	Get Order By Id (Manufacturer)
Order APIs	GET		ORDER MANAGEMENT	Get Invoice For Order
Order APIs	GET		ORDER MANAGEMENT	Get Invoice For Order (Retailer)
Order APIs	GET		ORDER MANAGEMENT	Get Invoice For Order (Manufacturer)
Order APIs	POST		ORDER MANAGEMENT	Accept Order (Manufacturer)
Order APIs	POST		ORDER MANAGEMENT	Reject Order (Manufacturer)
Order APIs	GET		ORDER MANAGEMENT	Get Order Events
Order APIs	GET		ORDER MANAGEMENT	Get Order Events (Retailer)
Order APIs	GET		ORDER MANAGEMENT	Get Order Events (Manufacturer)
Order APIs	PUT		ORDER MANAGEMENT	Update Order Status
Order APIs	POST		ORDER MANAGEMENT	Create Shipment
Order APIs	POST		ORDER MANAGEMENT	Mark Delivered
Order APIs	POST		ORDER MANAGEMENT	Cancel Order
Order APIs	POST		ORDER MANAGEMENT	Approve Refund
Order APIs	POST		ORDER MANAGEMENT	Reject Refund
Order APIs	GET		ORDER MANAGEMENT	Get Refund For Order
Order APIs	GET		ORDER MANAGEMENT	Get Refund For Order (Retailer)
Order APIs	GET		ORDER MANAGEMENT	Get Refund For Order (Manufacturer)
Payment APIs	GET		PAYMENT MANAGEMENT	Get Razorpay Key
Payment APIs	GET		PAYMENT MANAGEMENT	Get Razorpay Key (Retailer)
Payment APIs	GET		PAYMENT MANAGEMENT	Get Razorpay Key (Manufacturer)
Payment APIs	POST		PAYMENT MANAGEMENT	Initiate Payment
Payment APIs	POST		PAYMENT MANAGEMENT	Create Razorpay Order
Payment APIs	POST		PAYMENT MANAGEMENT	Verify Razorpay Payment
Payment APIs	GET		PAYMENT MANAGEMENT	Get Payment For Order
Payment APIs	GET		PAYMENT MANAGEMENT	Get Payment For Order (Retailer)
Payment APIs	GET		PAYMENT MANAGEMENT	Get Payment For Order (Manufacturer)
Admin APIs	GET		REVIEW MANAGEMENT	List Reviews
Admin APIs	GET		REVIEW MANAGEMENT	List Reviews (Retailer)
Admin APIs	GET		REVIEW MANAGEMENT	List Reviews (Manufacturer)
Admin APIs	GET		REVIEW MANAGEMENT	Get My Review (/me)
Admin APIs	GET		REVIEW MANAGEMENT	Get My Review (/me) (Retailer)
Admin APIs	GET		REVIEW MANAGEMENT	Get My Review (/me) (Manufacturer)
Admin APIs	GET		REVIEW MANAGEMENT	Get My Review (/my)
Admin APIs	GET		REVIEW MANAGEMENT	Get My Review (/my) (Retailer)
Admin APIs	GET		REVIEW MANAGEMENT	Get My Review (/my) (Manufacturer)
Admin APIs	PUT		REVIEW MANAGEMENT	Upsert My Review
Admin APIs	PUT		REVIEW MANAGEMENT	Upsert My Review (Retailer)
Admin APIs	PUT		REVIEW MANAGEMENT	Upsert My Review (Manufacturer)
Admin APIs	POST		REVIEW MANAGEMENT	Create/Update Review (POST alias)
Admin APIs	POST		REVIEW MANAGEMENT	Create/Update Review (POST alias) (Retailer)
Admin APIs	POST		REVIEW MANAGEMENT	Create/Update Review (POST alias) (Manufacturer)
Admin APIs	DELETE		REVIEW MANAGEMENT	Delete My Review
Admin APIs	DELETE		REVIEW MANAGEMENT	Delete My Review (Retailer)
Admin APIs	DELETE		REVIEW MANAGEMENT	Delete My Review (Manufacturer)
Admin APIs	GET		INVOICE MANAGEMENT	Get Retailer Invoices
Admin APIs	POST		WEBHOOK	Razorpay Webhook
Shipment APIs	POST	{{baseUrl}}/shipments	SHIPMENT MANAGEMENT	Create Shipment (Manufacturer)
Shipment APIs	GET	{{baseUrl}}/shipments/{{orderId}}	SHIPMENT MANAGEMENT	Get Shipment by Order (Retailer)
Shipment APIs	GET	{{baseUrl}}/shipments/{{orderId}}	SHIPMENT MANAGEMENT	Get Shipment by Order (Manufacturer)
Shipment APIs	PATCH	{{baseUrl}}/shipments/{{shipmentId}}/status	SHIPMENT MANAGEMENT	Update Shipment Status - IN_TRANSIT
Shipment APIs	PATCH	{{baseUrl}}/shipments/{{shipmentId}}/status	SHIPMENT MANAGEMENT	Update Shipment Status - OUT_FOR_DELIVERY
Shipment APIs	PATCH	{{baseUrl}}/shipments/{{shipmentId}}/status	SHIPMENT MANAGEMENT	Update Shipment Status - DELIVERED
Return APIs	POST	{{baseUrl}}/returns	RETURN MANAGEMENT	Request Return (Retailer)
Return APIs	PATCH	{{baseUrl}}/returns/{{returnId}}/approve	RETURN MANAGEMENT	Approve Return (Manufacturer)
Return APIs	PATCH	{{baseUrl}}/returns/{{returnId}}/reject	RETURN MANAGEMENT	Reject Return (Manufacturer)
Return APIs	PATCH	{{baseUrl}}/returns/{{returnId}}/receive	RETURN MANAGEMENT	Receive Return (Manufacturer)
Return APIs	PATCH	{{baseUrl}}/returns/{{returnId}}/inspect	RETURN MANAGEMENT	Inspect Return (Manufacturer)
Return APIs	PATCH	{{baseUrl}}/returns/{{returnId}}/complete	RETURN MANAGEMENT	Complete Return (Manufacturer)
Return APIs	GET	{{baseUrl}}/returns/{{returnId}}	RETURN MANAGEMENT	Get Return By Id (Retailer)
Admin APIs	GET	{{baseUrl}}/inventory/low-stock?page=0&size=20	INVENTORY MANAGEMENT	Get Low Stock (Catalog Manager)
Admin APIs	POST	{{baseUrl}}/inventory/batches	INVENTORY MANAGEMENT	Create Inventory Batch
Admin APIs	GET	{{baseUrl}}/inventory/batches?productId={{productId}}	INVENTORY MANAGEMENT	List Inventory Batches
Admin APIs	GET	{{baseUrl}}/inventory/batches/{{batchId}}	INVENTORY MANAGEMENT	Get Inventory Batch By Id
Admin APIs	PATCH	{{baseUrl}}/inventory/batches/{{batchId}}	INVENTORY MANAGEMENT	Update Inventory Batch
Cart APIs	POST	{{baseUrl}}/cart/reserve	CART RESERVATION	Reserve Cart Item
Cart APIs	GET	{{baseUrl}}/cart/reservations	CART RESERVATION	Get Active Reservations
Cart APIs	DELETE	{{baseUrl}}/cart/reserve/{{reservationId}}	CART RESERVATION	Cancel Reservation
Admin APIs	PATCH	{{baseUrl}}/variants/{{variantId}}	VARIANT MANAGEMENT	Update Variant